"First name", "Last Name", "email", "email user name"
"Raquel", "Bravo", "raquel.bravo@example.com", "raquel.bravo"
"Sofia", "Ma", "sofia.ma@example.com", "sofia.ma"
"Milivoje", "Lončarević", "milivoje.loncarevic@example.com", "milivoje.loncarevic"
"Maxim", "Einarsen", "maxim.einarsen@example.com", "maxim.einarsen"
"Annie", "Thomas", "annie.thomas@example.com", "annie.thomas"
"Veeti", "Erkkila", "veeti.erkkila@example.com", "veeti.erkkila"
"Noa", "Malmin", "noa.malmin@example.com", "noa.malmin"
"Loris", "Boyer", "loris.boyer@example.com", "loris.boyer"
"Mark", "Butler", "mark.butler@example.com", "mark.butler"
"Nepobor", "Beley", "nepobor.beley@example.com", "nepobor.beley"
"Ramon", "Jones", "ramon.jones@example.com", "ramon.jones"
"Ruben", "Nguyen", "ruben.nguyen@example.com", "ruben.nguyen"
"Emmy", "Lucas", "emmy.lucas@example.com", "emmy.lucas"
"Norman", "Steward", "norman.steward@example.com", "norman.steward"
"Emile", "Morin", "emile.morin@example.com", "emile.morin"
"Rebecca", "Newman", "rebecca.newman@example.com", "rebecca.newman"
"Constance", "Kelley", "constance.kelley@example.com", "constance.kelley"
"Esma", "Tokatlıoğlu", "esma.tokatlioglu@example.com", "esma.tokatlioglu"
"بردیا", "کریمی", "brdy.khrymy@example.com", "brdy.khrymy"
"Aada", "Joki", "aada.joki@example.com", "aada.joki"
"Felipe", "Moreno", "felipe.moreno@example.com", "felipe.moreno"
"Susie", "Grant", "susie.grant@example.com", "susie.grant"
"Mark", "Baker", "mark.baker@example.com", "mark.baker"
"Klara", "Rødseth", "klara.rodseth@example.com", "klara.rodseth"
"Sofia", "Johansen", "sofia.johansen@example.com", "sofia.johansen"
"Jeanette", "Nichols", "jeanette.nichols@example.com", "jeanette.nichols"
"Julius", "Tuominen", "julius.tuominen@example.com", "julius.tuominen"
"Lucas", "Williams", "lucas.williams@example.com", "lucas.williams"
"Josephine", "Tuncer", "josephine.tuncer@example.com", "josephine.tuncer"
"Joyce", "Taylor", "joyce.taylor@example.com", "joyce.taylor"
"Luz", "Rodríguez", "luz.rodriguez@example.com", "luz.rodriguez"
"Aliya", "Myhrer", "aliya.myhrer@example.com", "aliya.myhrer"
"Oliver", "Jensen", "oliver.jensen@example.com", "oliver.jensen"
"Jeppe", "Kristensen", "jeppe.kristensen@example.com", "jeppe.kristensen"
"Lia", "Olivier", "lia.olivier@example.com", "lia.olivier"
"مرسانا", "نكو نظر", "mrsn.nkwnzr@example.com", "mrsn.nkwnzr"
"Stanislava", "Vrhovac", "stanislava.vrhovac@example.com", "stanislava.vrhovac"
"Heidi", "Bhatti", "heidi.bhatti@example.com", "heidi.bhatti"
"Johnno", "Weenk", "johnno.weenk@example.com", "johnno.weenk"
"Elias", "Rafoss", "elias.rafoss@example.com", "elias.rafoss"
"یاسمن", "کامروا", "ysmn.khmrw@example.com", "ysmn.khmrw"
"Gabriele", "Bertrand", "gabriele.bertrand@example.com", "gabriele.bertrand"
"Elsbeth", "Schuchardt", "elsbeth.schuchardt@example.com", "elsbeth.schuchardt"
"Shrishti", "Mardhekar", "shrishti.mardhekar@example.com", "shrishti.mardhekar"
"Ved", "Fernandes", "ved.fernandes@example.com", "ved.fernandes"
"Kenan", "Evliyaoğlu", "kenan.evliyaoglu@example.com", "kenan.evliyaoglu"
"Galina", "Stein", "galina.stein@example.com", "galina.stein"
"Elif", "Eliçin", "elif.elicin@example.com", "elif.elicin"
"Karla", "Jørgensen", "karla.jorgensen@example.com", "karla.jorgensen"
"Alex", "Caldwell", "alex.caldwell@example.com", "alex.caldwell"
"Mildred", "Marshall", "mildred.marshall@example.com", "mildred.marshall"
"Maeva", "Lévesque", "maeva.levesque@example.com", "maeva.levesque"
"José", "Fuentes", "jose.fuentes@example.com", "jose.fuentes"
"Hugh", "Palmer", "hugh.palmer@example.com", "hugh.palmer"
"میلاد", "حسینی", "myld.hsyny@example.com", "myld.hsyny"
"Ömür", "Berberoğlu", "omur.berberoglu@example.com", "omur.berberoglu"
"Onur", "Akşit", "onur.aksit@example.com", "onur.aksit"
"Léccio", "Rocha", "leccio.rocha@example.com", "leccio.rocha"
"Bendik", "Bentsen", "bendik.bentsen@example.com", "bendik.bentsen"
"Samuel", "Patterson", "samuel.patterson@example.com", "samuel.patterson"
"Asta", "Jensen", "asta.jensen@example.com", "asta.jensen"
"آوین", "محمدخان", "awyn.mhmdkhn@example.com", "awyn.mhmdkhn"
"Lucas", "Zhang", "lucas.zhang@example.com", "lucas.zhang"
"Fardin", "Altenburg", "fardin.altenburg@example.com", "fardin.altenburg"
"Byron", "Black", "byron.black@example.com", "byron.black"
"رهام", "حیدری", "rhm.hydry@example.com", "rhm.hydry"
"Veera", "Ahola", "veera.ahola@example.com", "veera.ahola"
"Jeanette", "Hall", "jeanette.hall@example.com", "jeanette.hall"
"Jesse", "Tervo", "jesse.tervo@example.com", "jesse.tervo"
"Sandra", "Perry", "sandra.perry@example.com", "sandra.perry"
"Leanne", "Johnson", "leanne.johnson@example.com", "leanne.johnson"
"Christel", "Beyer", "christel.beyer@example.com", "christel.beyer"
"Luciana", "Boyer", "luciana.boyer@example.com", "luciana.boyer"
"Paulina", "Ocampo", "paulina.ocampo@example.com", "paulina.ocampo"
"Dolores", "Rodrigues", "dolores.rodrigues@example.com", "dolores.rodrigues"
"Mimoso", "Viana", "mimoso.viana@example.com", "mimoso.viana"
"Aaron", "Holt", "aaron.holt@example.com", "aaron.holt"
"Mitchell", "Reynolds", "mitchell.reynolds@example.com", "mitchell.reynolds"
"Tomas", "Jiménez", "tomas.jimenez@example.com", "tomas.jimenez"
"Berrie", "Vergeer", "berrie.vergeer@example.com", "berrie.vergeer"
"Noemie", "Denis", "noemie.denis@example.com", "noemie.denis"
"Omid", "Egging", "omid.egging@example.com", "omid.egging"
"Mathis", "Gill", "mathis.gill@example.com", "mathis.gill"
"Anthony", "Fernandez", "anthony.fernandez@example.com", "anthony.fernandez"
"Ietje", "Van der Arend", "ietje.vanderarend@example.com", "ietje.vanderarend"
"Javier", "Stewart", "javier.stewart@example.com", "javier.stewart"
"Marlene", "Gray", "marlene.gray@example.com", "marlene.gray"
"Luka", "Guerin", "luka.guerin@example.com", "luka.guerin"
"Deepika", "Chavare", "deepika.chavare@example.com", "deepika.chavare"
"Arsen", "Van Zon", "arsen.vanzon@example.com", "arsen.vanzon"
"Basil", "Morel", "basil.morel@example.com", "basil.morel"
"Melike", "Yıldızoğlu", "melike.yildizoglu@example.com", "melike.yildizoglu"
"Niilo", "Kallio", "niilo.kallio@example.com", "niilo.kallio"
"Roope", "Wirtanen", "roope.wirtanen@example.com", "roope.wirtanen"
"Alex", "Gaillard", "alex.gaillard@example.com", "alex.gaillard"
"Mya", "David", "mya.david@example.com", "mya.david"
"کیمیا", "کوتی", "khymy.khwty@example.com", "khymy.khwty"
"Adrualdo", "Santos", "adrualdo.santos@example.com", "adrualdo.santos"
"Vladeta", "Danilović", "vladeta.danilovic@example.com", "vladeta.danilovic"
"Ryan", "Chow", "ryan.chow@example.com", "ryan.chow"
"Verónica", "Rendón", "veronica.rendon@example.com", "veronica.rendon"
"Edna", "Johnston", "edna.johnston@example.com", "edna.johnston"
"Karsten", "Kasten", "karsten.kasten@example.com", "karsten.kasten"
"Salvador", "Torres", "salvador.torres@example.com", "salvador.torres"
"Becky", "Knight", "becky.knight@example.com", "becky.knight"
"Daniela", "Hidalgo", "daniela.hidalgo@example.com", "daniela.hidalgo"
"Marcia", "Fox", "marcia.fox@example.com", "marcia.fox"
"Bo", "Østerbø", "bo.osterbo@example.com", "bo.osterbo"
"Katherine", "Hopkins", "katherine.hopkins@example.com", "katherine.hopkins"
"Momir", "Radivojević", "momir.radivojevic@example.com", "momir.radivojevic"
"Lauren", "Howell", "lauren.howell@example.com", "lauren.howell"
"Michael", "Wood", "michael.wood@example.com", "michael.wood"
"ایلیا", "علیزاده", "yly.aalyzdh@example.com", "yly.aalyzdh"
"Ece", "Topaloğlu", "ece.topaloglu@example.com", "ece.topaloglu"
"Lilia", "Ayala", "lilia.ayala@example.com", "lilia.ayala"
"Amy", "Sirko", "amy.sirko@example.com", "amy.sirko"
"Anton", "Rasmussen", "anton.rasmussen@example.com", "anton.rasmussen"
"Lidia", "Giménez", "lidia.gimenez@example.com", "lidia.gimenez"
"Zakariya", "Lakerveld", "zakariya.lakerveld@example.com", "zakariya.lakerveld"
"Jessica", "Bjerkli", "jessica.bjerkli@example.com", "jessica.bjerkli"
"Ali", "Tuğlu", "ali.tuglu@example.com", "ali.tuglu"
"Vildan", "Akyüz", "vildan.akyuz@example.com", "vildan.akyuz"
"Bojan", "Paunović", "bojan.paunovic@example.com", "bojan.paunovic"
"Maélie", "Lefebvre", "maelie.lefebvre@example.com", "maelie.lefebvre"
"Zachary", "Knight", "zachary.knight@example.com", "zachary.knight"
"Karen", "Regtop", "karen.regtop@example.com", "karen.regtop"
"Tilde", "Rasmussen", "tilde.rasmussen@example.com", "tilde.rasmussen"
"Elif", "Lecomte", "elif.lecomte@example.com", "elif.lecomte"
"Mihailo", "Stevanović", "mihailo.stevanovic@example.com", "mihailo.stevanovic"
"Dijana", "Kićanović", "dijana.kicanovic@example.com", "dijana.kicanovic"
"Lidia", "Hidalgo", "lidia.hidalgo@example.com", "lidia.hidalgo"
"Allen", "Miller", "allen.miller@example.com", "allen.miller"
"Vicenta", "Suarez", "vicenta.suarez@example.com", "vicenta.suarez"
"Adalbert", "Wallner", "adalbert.wallner@example.com", "adalbert.wallner"
"Yolanda", "Flores", "yolanda.flores@example.com", "yolanda.flores"
"Kelly", "Roberts", "kelly.roberts@example.com", "kelly.roberts"
"Elsa", "Griego", "elsa.griego@example.com", "elsa.griego"
"مهرسا", "سهيلي راد", "mhrs.shylyrd@example.com", "mhrs.shylyrd"
"Lori", "Montgomery", "lori.montgomery@example.com", "lori.montgomery"
"Atanásio", "Sales", "atanasio.sales@example.com", "atanasio.sales"
"Herbert", "Mendoza", "herbert.mendoza@example.com", "herbert.mendoza"
"Deniz", "Taşlı", "deniz.tasli@example.com", "deniz.tasli"
"Eliano", "da Rosa", "eliano.darosa@example.com", "eliano.darosa"
"Jonas", "Berger", "jonas.berger@example.com", "jonas.berger"
"Jacob", "Kristensen", "jacob.kristensen@example.com", "jacob.kristensen"
"آرش", "گلشن", "arsh.glshn@example.com", "arsh.glshn"
"Ognyana", "Skripchuk", "ognyana.skripchuk@example.com", "ognyana.skripchuk"
"Maanas", "Anchan", "maanas.anchan@example.com", "maanas.anchan"
"Nikolai", "Nesland", "nikolai.nesland@example.com", "nikolai.nesland"
"Genesis", "Richards", "genesis.richards@example.com", "genesis.richards"
"Rosalyn", "Reynolds", "rosalyn.reynolds@example.com", "rosalyn.reynolds"
"Tilde", "Nielsen", "tilde.nielsen@example.com", "tilde.nielsen"
"Cory", "Ray", "cory.ray@example.com", "cory.ray"
"Sologuba", "Saievich", "sologuba.saievich@example.com", "sologuba.saievich"
"Meint", "Den Otter", "meint.denotter@example.com", "meint.denotter"
"Constance", "Hudson", "constance.hudson@example.com", "constance.hudson"
"Berta", "Ballesteros", "berta.ballesteros@example.com", "berta.ballesteros"
"Carlos", "Frydenberg", "carlos.frydenberg@example.com", "carlos.frydenberg"
"Emma", "Christensen", "emma.christensen@example.com", "emma.christensen"
"Nicole", "Varwijk", "nicole.varwijk@example.com", "nicole.varwijk"
"Mustafa", "Okumuş", "mustafa.okumus@example.com", "mustafa.okumus"
"Ruben", "Da Silva", "ruben.dasilva@example.com", "ruben.dasilva"
"Simon", "Madsen", "simon.madsen@example.com", "simon.madsen"
"Frouwke", "Westbroek", "frouwke.westbroek@example.com", "frouwke.westbroek"
"Katie", "Anderson", "katie.anderson@example.com", "katie.anderson"
"Jean-Jacques", "Vidal", "jean-jacques.vidal@example.com", "jean"
"Sara", "Pierce", "sara.pierce@example.com", "sara.pierce"
"Margaretha", "Eisenmann", "margaretha.eisenmann@example.com", "margaretha.eisenmann"
"Amanda", "Kumpula", "amanda.kumpula@example.com", "amanda.kumpula"
"Mauro", "Morin", "mauro.morin@example.com", "mauro.morin"
"Malone", "Leroy", "malone.leroy@example.com", "malone.leroy"
"Enora", "Schmitt", "enora.schmitt@example.com", "enora.schmitt"
"Kim", "Harvey", "kim.harvey@example.com", "kim.harvey"
"Jen", "Cunningham", "jen.cunningham@example.com", "jen.cunningham"
"Edeltraut", "Kramer", "edeltraut.kramer@example.com", "edeltraut.kramer"
"Susan", "Austin", "susan.austin@example.com", "susan.austin"
"Adriaantje", "Klaassens", "adriaantje.klaassens@example.com", "adriaantje.klaassens"
"Emine", "Moss", "emine.moss@example.com", "emine.moss"
"Zlata", "Lazović", "zlata.lazovic@example.com", "zlata.lazovic"
"Austin", "Kelly", "austin.kelly@example.com", "austin.kelly"
"Anica", "Pejić", "anica.pejic@example.com", "anica.pejic"
"Liam", "Williams", "liam.williams@example.com", "liam.williams"
"Emile", "Thompson", "emile.thompson@example.com", "emile.thompson"
"Wesley", "Reynolds", "wesley.reynolds@example.com", "wesley.reynolds"
"Babür", "Kunt", "babur.kunt@example.com", "babur.kunt"
"Marwa", "Brovold", "marwa.brovold@example.com", "marwa.brovold"
"Jack", "Brar", "jack.brar@example.com", "jack.brar"
"Edgar", "Reynolds", "edgar.reynolds@example.com", "edgar.reynolds"
"Adela", "Saldivar", "adela.saldivar@example.com", "adela.saldivar"
"Albert", "Sørensen", "albert.sorensen@example.com", "albert.sorensen"
"Bill", "Bradley", "bill.bradley@example.com", "bill.bradley"
"Matthew", "Johnson", "matthew.johnson@example.com", "matthew.johnson"
"Sonja", "Alfredsen", "sonja.alfredsen@example.com", "sonja.alfredsen"
"Wendy", "Elliott", "wendy.elliott@example.com", "wendy.elliott"
"Yannik", "Lefevre", "yannik.lefevre@example.com", "yannik.lefevre"
"Line", "Jean", "line.jean@example.com", "line.jean"
"Sofia", "Thompson", "sofia.thompson@example.com", "sofia.thompson"
"Carl", "Jean", "carl.jean@example.com", "carl.jean"
"Noam", "Simon", "noam.simon@example.com", "noam.simon"
"Sofia", "Perez", "sofia.perez@example.com", "sofia.perez"
